"title","author","postingDate","relatedArticles"
"","","","Artikel Terbaru
            
              
            
          
            
              
                
                  5 Cara Jitu Memaksimalkan Investasi di 2020
                  
                    Investasi
                    
                      •
                      15 September 2020
                    
                  
                
              
              
                
                  Aturan dan Jadwal Transportasi Umum Selama PSBB Jakarta Jilid 2
                  
                    Berita
                    
                      •
                      15 September 2020
                    
                  
                
              
              
                
                  Cara Daftar Sidang Cerai Online Pakai Aplikasi e-Court 
                  
                    Pernikahan
                    
                      •
                      15 September 2020
                    
                  
                
              
              
                
                  Harga Emas Hari Ini
                  
                    Emas
                    
                      •
                      15 September 2020
                    
                  
                
              
              
                
                  Kata Kata Bijak yang Keren Banget agar Hidupmu Penuh Motivasi
                  
                    Quotes Motivasi
                    
                      •
                      15 September 2020
                    
                  
                
              
                    
          
            Artikel Populer
            
              
            
          
            
              
                
                  Aturan Baru Nadiem Makarim: Ini Syarat Anak Masuk TK, SD, SMP dan SMA
                  
                    ditampilkan 22265 kali
                  
                
              
              
                
                  Kata Kata Bijak yang Keren Banget agar Hidupmu Penuh Motivasi
                  
                    ditampilkan 14726 kali
                  
                
              
              
                
                  Kata Kata Motivasi Hidup Terbaik untuk Buat Hidup Kamu Lebih Semangat
                  
                    ditampilkan 8398 kali
                  
                
              
              
                
                  Kode Bank Indonesia Terlengkap
                  
                    ditampilkan 7064 kali
                  
                
              
              
                
                  Intip Saldo JHT Bisa Online, Ini Cara Cek Saldo BPJS Ketenagakerjaan Lengkap
                  
                    ditampilkan 4320 kali
                  
                
              
                    
            Kategori
              
                  
                    
                      Asuransi
                    
                  
                  
                    
                      Asuransi Jiwa
                    
                  
                  
                    
                      Asuransi Kendaraan
                    
                  
                  
                    
                      Asuransi Kesehatan
                    
                  
                  
                    
                      Asuransi Perjalanan 
                    
                  
              

              
                  
                    
                      Asuransi Umum
                    
                  
                  
                    
                      BPJS
                    
                  
                  
                    
                      Belanja 
                    
                  
                  
                    
                      Berita
                    
                  
                  
                    
                      Bisnis
                    
                  
                  
                    
                      Deposito
                    
                  
                  
                    
                      Dokumen Anda
                    
                  
                  
                    
                      Emas
                    
                  
                  
                    
                      Fintech 
                    
                  
                  
                    
                      Gaya Hidup
                    
                  
                  
                    
                      Info Umum
                    
                  
                  
                    
                      Inspirasi 
                    
                  
                  
                    
                      Investasi
                    
                  
                  
                    
                      Karir
                    
                  
                  
                    
                      Kartu Kredit
                    
                  
                  
                    
                      Keluarga
                    
                  
                  
                    
                      Kredit HP
                    
                  
                  
                    
                      Kredit Mobil
                    
                  
                  
                    
                      Kredit Motor
                    
                  
                  
                    
                      Kredit Multiguna
                    
                  
                  
                    
                      Kredit Pemilikan Rumah
                    
                  
                  
                    
                      Kredit Tanpa Agunan
                    
                  
                  
                    
                      Kuis
                    
                  
                  
                    
                      Liburan dan Kuliner 
                    
                  
                  
                    
                      Otomotif 
                    
                  
                  
                    
                      Pajak
                    
                  
                  
                    
                      Peluang Usaha
                    
                  
                  
                    
                      Pendidikan
                    
                  
                  
                    
                      Perbankan
                    
                  
                  
                    
                      Pernikahan
                    
                  
                  
                    
                      Pinjaman
                    
                  
                  
                    
                      Properti
                    
                  
                  
                    
                      Quotes Motivasi
                    
                  
                  
                    
                      Ragam
                    
                  
                  
                    
                      Reksadana
                    
                  
                  
                    
                      Review Handphone
                    
                  
                  
                    
                      Saham
                    
                  
                  
                    
                      Tabungan
                    
                  
                  
                    
                      Tips Bisnis
                    
                  
                  
                    
                      Tips Kesehatan
                    
                  
                  
                    
                      Tips Keuangan
                    
                  
                  
                    
                      Unit Link
                    
                  
                  
                    
                      Wawancara Khusus 
                    
                  
                  
                    
                      Wirausaha
                    
                  
              
              
                Selengkapnya"